YR,DONG_CD,STATS_VL,CTPV_NM,SGG_NM,EMD_NM,SGG_CD
2008,1100000000,219.0,서울특별시,,,11000.0
2008,1111000000,6.0,서울특별시,종로구,,11110.0
2008,1114000000,5.0,서울특별시,중구,,11140.0
2008,1117000000,5.0,서울특별시,용산구,,11170.0
2008,1120000000,7.0,서울특별시,성동구,,11200.0
2008,1121500000,5.0,서울특별시,광진구,,11215.0
2008,1123000000,13.0,서울특별시,동대문구,,11230.0
2008,1126000000,10.0,서울특별시,중랑구,,11260.0
2008,1129000000,7.0,서울특별시,성북구,,11290.0
2008,1130500000,8.0,서울특별시,강북구,,11305.0
2008,1132000000,8.0,서울특별시,도봉구,,11320.0
2008,1135000000,9.0,서울특별시,노원구,,11350.0
2008,1138000000,11.0,서울특별시,은평구,,11380.0
2008,1141000000,6.0,서울특별시,서대문구,,11410.0
2008,1144000000,4.0,서울특별시,마포구,,11440.0
2008,1147000000,7.0,서울특별시,양천구,,11470.0
2008,1150000000,13.0,서울특별시,강서구,,11500.0
2008,1153000000,3.0,서울특별시,구로구,,11530.0
2008,1154500000,4.0,서울특별시,금천구,,11545.0
2008,1156000000,14.0,서울특별시,영등포구,,11560.0
2008,1159000000,6.0,서울특별시,동작구,,11590.0
2008,1162000000,7.0,서울특별시,관악구,,11620.0
2008,1165000000,8.0,서울특별시,서초구,,11650.0
2008,1168000000,29.0,서울특별시,강남구,,11680.0
2008,1171000000,13.0,서울특별시,송파구,,11710.0
2008,1174000000,11.0,서울특별시,강동구,,11740.0
2008,2600000000,120.0,부산광역시,,,26000.0
2008,2611000000,9.0,부산광역시,중구,,26110.0
2008,2614000000,8.0,부산광역시,서구,,26140.0
2008,2617000000,7.0,부산광역시,동구,,26170.0
2008,2620000000,3.0,부산광역시,영도구,,26200.0
2008,2623000000,8.0,부산광역시,부산진구,,26230.0
2008,2626000000,13.0,부산광역시,동래구,,26260.0
2008,2629000000,5.0,부산광역시,남구,,26290.0
2008,2632000000,14.0,부산광역시,북구,,26320.0
2008,2635000000,11.0,부산광역시,해운대구,,26350.0
2008,2638000000,5.0,부산광역시,사하구,,26380.0
2008,2641000000,11.0,부산광역시,금정구,,26410.0
2008,2644000000,0.0,부산광역시,강서구,,26440.0
2008,2647000000,2.0,부산광역시,연제구,,26470.0
2008,2650000000,6.0,부산광역시,수영구,,26500.0
2008,2653000000,16.0,부산광역시,사상구,,26530.0
2008,2671000000,2.0,부산광역시,기장군,,26710.0
2008,2700000000,103.0,대구광역시,,,27000.0
2008,2711000000,10.0,대구광역시,중구,,27110.0
2008,2714000000,7.0,대구광역시,동구,,27140.0
2008,2717000000,11.0,대구광역시,서구,,27170.0
2008,2720000000,9.0,대구광역시,남구,,27200.0
2008,2723000000,16.0,대구광역시,북구,,27230.0
2008,2726000000,13.0,대구광역시,수성구,,27260.0
2008,2729000000,30.0,대구광역시,달서구,,27290.0
2008,2771000000,7.0,대구광역시,달성군,,27710.0
2008,2800000000,61.0,인천광역시,,,28000.0
2008,2811000000,2.0,인천광역시,중구,,28110.0
2008,2814000000,3.0,인천광역시,동구,,28140.0
2008,2817000000,6.0,인천광역시,남구,,28170.0
2008,2818500000,4.0,인천광역시,연수구,,28185.0
2008,2820000000,9.0,인천광역시,남동구,,28200.0
2008,2823700000,18.0,인천광역시,부평구,,28237.0
2008,2824500000,6.0,인천광역시,계양구,,28245.0
2008,2826000000,10.0,인천광역시,서구,,28260.0
2008,2871000000,2.0,인천광역시,강화군,,28710.0
2008,2872000000,1.0,인천광역시,옹진군,,28720.0
2008,2900000000,68.0,광주광역시,,,29000.0
2008,2911000000,9.0,광주광역시,동구,,29110.0
2008,2914000000,14.0,광주광역시,서구,,29140.0
2008,2915500000,10.0,광주광역시,남구,,29155.0
2008,2917000000,21.0,광주광역시,북구,,29170.0
2008,2920000000,14.0,광주광역시,광산구,,29200.0
2008,3000000000,40.0,대전광역시,,,30000.0
2008,3011000000,2.0,대전광역시,동구,,30110.0
2008,3014000000,10.0,대전광역시,중구,,30140.0
2008,3017000000,18.0,대전광역시,서구,,30170.0
2008,3020000000,5.0,대전광역시,유성구,,30200.0
2008,3023000000,5.0,대전광역시,대덕구,,30230.0
2008,3100000000,40.0,울산광역시,,,31000.0
2008,3111000000,7.0,울산광역시,중구,,31110.0
2008,3114000000,21.0,울산광역시,남구,,31140.0
2008,3117000000,1.0,울산광역시,동구,,31170.0
2008,3120000000,4.0,울산광역시,북구,,31200.0
2008,3171000000,7.0,울산광역시,울주군,,31710.0
2008,3611000000,,세종특별자치시,세종시,,36110.0
2008,4100000000,281.0,경기도,,,41000.0
2008,4111000000,24.0,경기도,수원시,,4111.0
2008,4113000000,17.0,경기도,성남시,,4113.0
2008,4115000000,15.0,경기도,의정부시,,41150.0
2008,4117000000,12.0,경기도,안양시,,4117.0
2008,4119000000,28.0,경기도,부천시,,4119.0
2008,4121000000,3.0,경기도,광명시,,41210.0
2008,4122000000,16.0,경기도,평택시,,41220.0
2008,4125000000,3.0,경기도,동두천시,,41250.0
2008,4127000000,22.0,경기도,안산시,,4127.0
2008,4128000000,26.0,경기도,고양시,,4128.0
2008,4129000000,0.0,경기도,과천시,,41290.0
2008,4131000000,8.0,경기도,구리시,,41310.0
2008,4136000000,10.0,경기도,남양주시,,41360.0
2008,4137000000,3.0,경기도,오산시,,41370.0
2008,4139000000,9.0,경기도,시흥시,,41390.0
2008,4141000000,4.0,경기도,군포시,,41410.0
2008,4143000000,3.0,경기도,의왕시,,41430.0
2008,4145000000,4.0,경기도,하남시,,41450.0
2008,4146000000,18.0,경기도,용인시,,4146.0
2008,4148000000,9.0,경기도,파주시,,41480.0
2008,4150000000,6.0,경기도,이천시,,41500.0
2008,4155000000,5.0,경기도,안성시,,41550.0
2008,4157000000,10.0,경기도,김포시,,41570.0
2008,4159000000,4.0,경기도,화성시,,41590.0
2008,4161000000,2.0,경기도,광주시,,41610.0
2008,4163000000,4.0,경기도,양주시,,41630.0
2008,4165000000,5.0,경기도,포천시,,41650.0
2008,4180000000,1.0,경기도,연천군,,41800.0
2008,4182000000,4.0,경기도,가평군,,41820.0
2008,4183000000,2.0,경기도,양평군,,41830.0
2008,4200000000,52.0,강원도,,,42000.0
2008,4211000000,11.0,강원도,춘천시,,42110.0
2008,4213000000,11.0,강원도,원주시,,42130.0
2008,4215000000,7.0,강원도,강릉시,,42150.0
2008,4217000000,4.0,강원도,동해시,,42170.0
2008,4219000000,1.0,강원도,태백시,,42190.0
2008,4221000000,3.0,강원도,속초시,,42210.0
2008,4223000000,2.0,강원도,삼척시,,42230.0
2008,4272000000,2.0,강원도,홍천군,,42720.0
2008,4273000000,1.0,강원도,횡성군,,42730.0
2008,4275000000,1.0,강원도,영월군,,42750.0
2008,4276000000,0.0,강원도,평창군,,42760.0
2008,4277000000,4.0,강원도,정선군,,42770.0
2008,4278000000,1.0,강원도,철원군,,42780.0
2008,4279000000,0.0,강원도,화천군,,42790.0
2008,4280000000,3.0,강원도,양구군,,42800.0
2008,4281000000,1.0,강원도,인제군,,42810.0
2008,4282000000,0.0,강원도,고성군,,42820.0
2008,4283000000,0.0,강원도,양양군,,42830.0
2008,4300000000,46.0,충청북도,,,43000.0
2008,4311000000,17.0,충청북도,청주시,,4311.0
2008,4313000000,5.0,충청북도,충주시,,43130.0
2008,4315000000,3.0,충청북도,제천시,,43150.0
2008,4372000000,2.0,충청북도,보은군,,43720.0
2008,4373000000,1.0,충청북도,옥천군,,43730.0
2008,4374000000,1.0,충청북도,영동군,,43740.0
2008,4374500000,2.0,충청북도,증평군,,43745.0
2008,4375000000,1.0,충청북도,진천군,,43750.0
2008,4376000000,2.0,충청북도,괴산군,,43760.0
2008,4377000000,7.0,충청북도,음성군,,43770.0
2008,4380000000,1.0,충청북도,단양군,,43800.0
2008,4400000000,54.0,충청남도,,,44000.0
2008,4413000000,13.0,충청남도,천안시,,4413.0
2008,4415000000,3.0,충청남도,공주시,,44150.0
2008,4418000000,4.0,충청남도,보령시,,44180.0
2008,4420000000,6.0,충청남도,아산시,,44200.0
2008,4421000000,2.0,충청남도,서산시,,44210.0
2008,4423000000,2.0,충청남도,논산시,,44230.0
2008,4425000000,1.0,충청남도,계룡시,,44250.0
2008,4471000000,2.0,충청남도,금산군,,44710.0
2008,4476000000,4.0,충청남도,부여군,,44760.0
2008,4477000000,4.0,충청남도,서천군,,44770.0
2008,4479000000,1.0,충청남도,청양군,,44790.0
2008,4480000000,3.0,충청남도,홍성군,,44800.0
2008,4481000000,2.0,충청남도,예산군,,44810.0
2008,4482500000,1.0,충청남도,태안군,,44825.0
2008,4500000000,71.0,전라북도,,,45000.0
2008,4511000000,30.0,전라북도,전주시,,4511.0
2008,4513000000,5.0,전라북도,군산시,,45130.0
2008,4514000000,10.0,전라북도,익산시,,45140.0
2008,4518000000,6.0,전라북도,정읍시,,45180.0
2008,4519000000,5.0,전라북도,남원시,,45190.0
2008,4521000000,4.0,전라북도,김제시,,45210.0
2008,4571000000,4.0,전라북도,완주군,,45710.0
2008,4572000000,1.0,전라북도,진안군,,45720.0
2008,4573000000,0.0,전라북도,무주군,,45730.0
2008,4574000000,0.0,전라북도,장수군,,45740.0
2008,4575000000,1.0,전라북도,임실군,,45750.0
2008,4577000000,0.0,전라북도,순창군,,45770.0
2008,4579000000,2.0,전라북도,고창군,,45790.0
2008,4580000000,3.0,전라북도,부안군,,45800.0
2008,4600000000,93.0,전라남도,,,46000.0
2008,4611000000,20.0,전라남도,목포시,,46110.0
2008,4613000000,8.0,전라남도,여수시,,46130.0
2008,4615000000,11.0,전라남도,순천시,,46150.0
2008,4617000000,7.0,전라남도,나주시,,46170.0
2008,4623000000,3.0,전라남도,광양시,,46230.0
2008,4671000000,5.0,전라남도,담양군,,46710.0
2008,4672000000,1.0,전라남도,곡성군,,46720.0
2008,4673000000,1.0,전라남도,구례군,,46730.0
2008,4677000000,4.0,전라남도,고흥군,,46770.0
2008,4678000000,2.0,전라남도,보성군,,46780.0
2008,4679000000,5.0,전라남도,화순군,,46790.0
2008,4680000000,2.0,전라남도,장흥군,,46800.0
2008,4681000000,2.0,전라남도,강진군,,46810.0
2008,4682000000,5.0,전라남도,해남군,,46820.0
2008,4683000000,1.0,전라남도,영암군,,46830.0
2008,4684000000,2.0,전라남도,무안군,,46840.0
2008,4686000000,2.0,전라남도,함평군,,46860.0
2008,4687000000,3.0,전라남도,영광군,,46870.0
2008,4688000000,4.0,전라남도,장성군,,46880.0
2008,4689000000,1.0,전라남도,완도군,,46890.0
2008,4690000000,2.0,전라남도,진도군,,46900.0
2008,4691000000,2.0,전라남도,신안군,,46910.0
2008,4700000000,89.0,경상북도,,,47000.0
2008,4711000000,19.0,경상북도,포항시,,4711.0
2008,4713000000,11.0,경상북도,경주시,,47130.0
2008,4715000000,5.0,경상북도,김천시,,47150.0
2008,4717000000,7.0,경상북도,안동시,,47170.0
2008,4719000000,5.0,경상북도,구미시,,47190.0
2008,4721000000,4.0,경상북도,영주시,,47210.0
2008,4723000000,5.0,경상북도,영천시,,47230.0
2008,4725000000,2.0,경상북도,상주시,,47250.0
2008,4728000000,3.0,경상북도,문경시,,47280.0
2008,4729000000,5.0,경상북도,경산시,,47290.0
2008,4772000000,1.0,경상북도,군위군,,47720.0
2008,4773000000,5.0,경상북도,의성군,,47730.0
2008,4775000000,1.0,경상북도,청송군,,47750.0
2008,4776000000,1.0,경상북도,영양군,,47760.0
2008,4777000000,3.0,경상북도,영덕군,,47770.0
2008,4782000000,2.0,경상북도,청도군,,47820.0
2008,4783000000,1.0,경상북도,고령군,,47830.0
2008,4784000000,1.0,경상북도,성주군,,47840.0
2008,4785000000,4.0,경상북도,칠곡군,,47850.0
2008,4790000000,1.0,경상북도,예천군,,47900.0
2008,4792000000,1.0,경상북도,봉화군,,47920.0
2008,4793000000,2.0,경상북도,울진군,,47930.0
2008,4794000000,0.0,경상북도,울릉군,,47940.0
2008,4800000000,157.0,경상남도,,,48000.0
2008,4812000000,52.0,경상남도,창원시,,4812.0
2008,4817000000,17.0,경상남도,진주시,,48170.0
2008,4822000000,6.0,경상남도,통영시,,48220.0
2008,4824000000,7.0,경상남도,사천시,,48240.0
2008,4825000000,24.0,경상남도,김해시,,48250.0
2008,4827000000,7.0,경상남도,밀양시,,48270.0
2008,4831000000,8.0,경상남도,거제시,,48310.0
2008,4833000000,14.0,경상남도,양산시,,48330.0
2008,4872000000,3.0,경상남도,의령군,,48720.0
2008,4873000000,3.0,경상남도,함안군,,48730.0
2008,4874000000,4.0,경상남도,창녕군,,48740.0
2008,4882000000,3.0,경상남도,고성군,,48820.0
2008,4884000000,1.0,경상남도,남해군,,48840.0
2008,4885000000,2.0,경상남도,하동군,,48850.0
2008,4886000000,0.0,경상남도,산청군,,48860.0
2008,4887000000,1.0,경상남도,함양군,,48870.0
2008,4888000000,3.0,경상남도,거창군,,48880.0
2008,4889000000,2.0,경상남도,합천군,,48890.0
2008,5000000000,11.0,제주특별자치도,,,50000.0
2008,5011000000,9.0,제주특별자치도,제주시,,50110.0
2008,5013000000,2.0,제주특별자치도,서귀포시,,50130.0
